{"_wandb": {"runtime": 110}, "train/box_loss": 1.75225, "train/cls_loss": 3.36652, "train/dfl_loss": 1.41349, "_timestamp": 1724600587.738142, "lr/pg0": 0.00012000000000000002, "lr/pg1": 0.00012000000000000002, "lr/pg2": 0.00012000000000000002, "_runtime": 106.21150708198547, "_step": 1}